Nodo1,Nodo2,peso
I,A1,200.56
I,A2,180.62
I,A3,160.7
I,A4,140.8
I,A5,120.93
I,A6,101.12
I,A7,81.39
I,A8,61.85
I,A9,42.72
I,A10,25.0
I,A11,15.0
I,A12,25.0
I,A13,42.72
I,A14,61.85
I,A15,81.39
I,A16,101.12
I,A17,120.93
I,A18,140.8
I,A19,160.7
I,A20,180.62
A1,A2,20.0
A2,A3,20.0
A3,A4,20.0
A4,A5,20.0
A5,A6,20.0
A6,A7,20.0
A7,A8,20.0
A8,A9,20.0
A9,A10,20.0
A10,A11,20.0
A11,A12,20.0
A12,A13,20.0
A13,A14,20.0
A14,A15,20.0
A15,A16,20.0
A16,A17,20.0
A17,A18,20.0
A18,A19,20.0
A19,A20,20.0
FA1,FA2,20.0
FA2,FA3,20.0
FA3,FA4,20.0
FA4,FA5,20.0
FA5,FA6,20.0
FA6,FA7,20.0
FA7,FA8,20.0
FA8,FA9,20.0
FA9,FA10,20.0
FA10,FA11,20.0
FA11,FA12,20.0
FA12,FA13,20.0
FA13,FA14,20.0
FA14,FA15,20.0
FA15,FA16,20.0
FA16,FA17,20.0
FA17,FA18,20.0
FA18,FA19,20.0
FA19,FA20,20.0
A11,TV98M,10.0
TV98M,QXUMR,10.0
QXUMR,ZW1ZB,10.0
ZW1ZB,G9L5K,10.0
G9L5K,7AF6O,10.0
7AF6O,UZHZ9,10.0
UZHZ9,KDVJN,10.0
KDVJN,YMI49,10.0
YMI49,Q347Q,10.0
Q347Q,SKX5B,10.0
SKX5B,6AIE3,10.0
6AIE3,0LFNZ,10.0
0LFNZ,VX9KV,10.0
VX9KV,QXLZQ,10.0
QXLZQ,TICPM,10.0
TICPM,KOGD9,10.0
KOGD9,AE6YE,10.0
AE6YE,DQHR2,10.0
DQHR2,72HZ0,10.0
72HZ0,IEZNV,10.0
IEZNV,811KY,10.0
811KY,PVC19,10.0
PVC19,KCF03,10.0
KCF03,FPG7O,10.0
FPG7O,MGET7,10.0
MGET7,XFD52,10.0
XFD52,OFXIO,10.0
OFXIO,CPJA6,10.0
CPJA6,VQGKJ,10.0
VQGKJ,LHSEK,10.0
LHSEK,Z8O7B,10.0
Z8O7B,PU1VV,10.0
PU1VV,330WY,10.0
330WY,5WYT8,10.0
5WYT8,LY7RN,10.0
LY7RN,4DYI4,10.0
4DYI4,KTMON,10.0
KTMON,26H10,10.0
26H10,QSJA0,10.0
QSJA0,B33AT,10.0
B33AT,1IT4L,10.0
1IT4L,5HSGH,10.0
5HSGH,BC51J,10.0
BC51J,P8DLK,10.0
P8DLK,BG8XZ,10.0
BG8XZ,6ZJFA,10.0
6ZJFA,MIT2L,10.0
MIT2L,VNXD0,10.0
VNXD0,KFDLB,10.0
KFDLB,51QUZ,10.0
51QUZ,1MGNT,10.0
1MGNT,GSEOE,10.0
GSEOE,6DC9Z,10.0
6DC9Z,L7LFF,10.0
L7LFF,NHSLR,10.0
NHSLR,E0KEH,10.0
E0KEH,8REZR,10.0
8REZR,3339J,10.0
3339J,JE7UB,10.0
JE7UB,Y8VPF,10.0
Y8VPF,OUC0J,10.0
OUC0J,VVPEQ,10.0
VVPEQ,L858X,10.0
L858X,QH36L,10.0
QH36L,TXVKR,10.0
TXVKR,FWCKU,10.0
FWCKU,40LWC,10.0
40LWC,FAJHF,10.0
FAJHF,R320A,10.0
R320A,2H1CV,10.0
2H1CV,O23EA,10.0
O23EA,27O91,10.0
27O91,MSPVT,10.0
MSPVT,VRSX7,10.0
VRSX7,7CEZ4,10.0
7CEZ4,NBRIO,10.0
NBRIO,FA11,210.0
A14,JBG4L,10.0
JBG4L,1M6JH,10.0
1M6JH,W6LIL,10.0
W6LIL,OZJM5,10.0
OZJM5,NT4US,10.0
NT4US,KYLJT,10.0
KYLJT,Z99UI,10.0
Z99UI,0U1KN,10.0
0U1KN,Z646K,10.0
Z646K,UFQ5X,10.0
UFQ5X,EY8JL,10.0
EY8JL,WCW88,10.0
WCW88,WD9C3,10.0
WD9C3,QP27J,10.0
QP27J,RQXG9,10.0
RQXG9,KRG5C,10.0
KRG5C,0TDAE,10.0
0TDAE,U5112,10.0
U5112,MHUJ3,10.0
MHUJ3,MJ7ZJ,10.0
MJ7ZJ,WWKDL,10.0
WWKDL,6CLSZ,10.0
6CLSZ,8E4A7,10.0
8E4A7,IC0OF,10.0
IC0OF,U6MUG,10.0
U6MUG,5CS2L,10.0
5CS2L,3G4BF,10.0
3G4BF,OSGJW,10.0
OSGJW,RHOKG,10.0
RHOKG,1PGGG,10.0
1PGGG,DNJEU,10.0
DNJEU,YB9T4,10.0
YB9T4,IU7QP,10.0
IU7QP,K1DWH,10.0
K1DWH,A4E92,10.0
A4E92,UFPB1,10.0
UFPB1,XLTK3,10.0
XLTK3,F7ZMK,10.0
F7ZMK,7I5HA,10.0
7I5HA,Z60Y9,10.0
Z60Y9,OD319,10.0
OD319,ZI1XB,10.0
ZI1XB,CTQFG,10.0
CTQFG,C96CV,10.0
C96CV,7NEM1,10.0
7NEM1,835WA,10.0
835WA,3P7DR,10.0
3P7DR,O3QRC,10.0
O3QRC,FKVL2,10.0
FKVL2,3MPXC,10.0
3MPXC,G5UP9,10.0
G5UP9,8V0ST,10.0
8V0ST,VMYCE,10.0
VMYCE,83L66,10.0
83L66,3FGYL,10.0
3FGYL,O8S8X,10.0
O8S8X,VBR27,10.0
VBR27,VHZFA,10.0
VHZFA,K84PP,10.0
K84PP,W9511,10.0
W9511,UYJPA,10.0
UYJPA,VICR2,10.0
VICR2,OH5K8,10.0
OH5K8,Z49GB,10.0
Z49GB,Z1BFD,10.0
Z1BFD,BVDAW,10.0
BVDAW,JUU1W,10.0
JUU1W,VWWIE,10.0
VWWIE,RDF45,10.0
RDF45,S9PJ2,10.0
S9PJ2,6B2QC,10.0
6B2QC,ESGCX,10.0
ESGCX,PXYHK,10.0
PXYHK,OBKHE,10.0
OBKHE,FA14,230.0
A1,051AL,10.0
051AL,R7EG9,10.0
R7EG9,2ZDH8,10.0
2ZDH8,DTBL5,10.0
DTBL5,9DCVH,10.0
9DCVH,4FTNK,10.0
4FTNK,ZVEL4,10.0
ZVEL4,4ALKV,10.0
4ALKV,B27RU,10.0
B27RU,EY3EZ,10.0
EY3EZ,9RKDT,10.0
9RKDT,XIQ5F,10.0
XIQ5F,3SKDD,10.0
3SKDD,ZVFR8,10.0
ZVFR8,8L9HR,10.0
8L9HR,VI84O,10.0
VI84O,MDD0C,10.0
MDD0C,SSU3D,10.0
SSU3D,AOD88,10.0
AOD88,QWJO4,10.0
QWJO4,0UU54,10.0
0UU54,F5IV1,10.0
F5IV1,X3H20,10.0
X3H20,3J2DB,10.0
3J2DB,APQM3,10.0
APQM3,BM1X8,10.0
BM1X8,5NYWG,10.0
5NYWG,988EO,10.0
988EO,1J79E,10.0
1J79E,CB29W,10.0
CB29W,QZG1P,10.0
QZG1P,GXHT3,10.0
GXHT3,7ORXV,10.0
7ORXV,U3LLX,10.0
U3LLX,2G3I1,10.0
2G3I1,RE7GP,10.0
RE7GP,4A9ZD,10.0
4A9ZD,MYW02,10.0
MYW02,11359,10.0
11359,5SPWK,10.0
5SPWK,TOEC6,10.0
TOEC6,7W7XT,10.0
7W7XT,YR712,10.0
YR712,0G381,10.0
0G381,NS880,10.0
NS880,FPT6D,10.0
FPT6D,TXUL4,10.0
TXUL4,Z1ZBW,10.0
Z1ZBW,MF4QH,10.0
MF4QH,JSH1T,10.0
JSH1T,LEZB7,10.0
LEZB7,U0XWS,10.0
U0XWS,YZ8FU,10.0
YZ8FU,912TN,10.0
912TN,XA2QF,10.0
XA2QF,2PQM1,10.0
2PQM1,GBZ12,10.0
GBZ12,Q6I87,10.0
Q6I87,93D7F,10.0
93D7F,BB8IB,10.0
BB8IB,STSB7,10.0
STSB7,8FW4W,10.0
8FW4W,K2VT1,10.0
K2VT1,5M1AQ,10.0
5M1AQ,TK5XY,10.0
TK5XY,OVLFG,10.0
OVLFG,0TAA1,10.0
0TAA1,DUHVC,10.0
DUHVC,VC39L,10.0
VC39L,FEZUD,10.0
FEZUD,07ZDK,10.0
07ZDK,62Y9G,10.0
62Y9G,JLWQG,10.0
JLWQG,UWD0P,10.0
UWD0P,KX0W5,10.0
KX0W5,ZX548,10.0
ZX548,OY5EF,10.0
OY5EF,FA1,200.0
A7,B8GRU,10.0
B8GRU,04YB1,10.0
04YB1,ADECX,10.0
ADECX,I2HV2,10.0
I2HV2,8RQ0Y,10.0
8RQ0Y,4N7C5,10.0
4N7C5,Q2338,10.0
Q2338,R3LZ2,10.0
R3LZ2,M43OF,10.0
M43OF,QB58V,10.0
QB58V,FPTOY,10.0
FPTOY,FZGQL,10.0
FZGQL,7KXTY,10.0
7KXTY,KNU5E,10.0
KNU5E,3ZFCI,10.0
3ZFCI,59NBN,10.0
59NBN,KQCO9,10.0
KQCO9,M7QK1,10.0
M7QK1,WHR0B,10.0
WHR0B,46UFE,10.0
46UFE,BR1FI,10.0
BR1FI,C1FYV,10.0
C1FYV,2IZ0W,10.0
2IZ0W,4FAR1,10.0
4FAR1,N54YI,10.0
N54YI,NX05M,10.0
NX05M,H62OK,10.0
H62OK,OEKVX,10.0
OEKVX,S6EQ1,10.0
S6EQ1,JPUML,10.0
JPUML,C2N7A,10.0
C2N7A,VMATK,10.0
VMATK,GAL4M,10.0
GAL4M,MITT7,10.0
MITT7,N8GK7,10.0
N8GK7,LGGC1,10.0
LGGC1,KJ0PI,10.0
KJ0PI,QHIYR,10.0
QHIYR,330VC,10.0
330VC,ANLJP,10.0
ANLJP,DJUU1,10.0
DJUU1,LWBMC,10.0
LWBMC,VDJ3C,10.0
VDJ3C,PZYTG,10.0
PZYTG,D5XUO,10.0
D5XUO,NPFQB,10.0
NPFQB,EPSVU,10.0
EPSVU,AX871,10.0
AX871,JO86V,10.0
JO86V,1PX1O,10.0
1PX1O,SWXHH,10.0
SWXHH,YMEBV,10.0
YMEBV,5J0AY,10.0
5J0AY,LZBM9,10.0
LZBM9,CT0Q8,10.0
CT0Q8,475NP,10.0
475NP,W0Y5O,10.0
W0Y5O,KBYXY,10.0
KBYXY,Z3QP6,10.0
Z3QP6,L2DQN,10.0
L2DQN,00MDJ,10.0
00MDJ,2JWDL,10.0
2JWDL,M2ZZ8,10.0
M2ZZ8,56ZAD,10.0
56ZAD,UGWI5,10.0
UGWI5,B6NJY,10.0
B6NJY,3Q0QW,10.0
3Q0QW,JR6O0,10.0
JR6O0,EMTQG,10.0
EMTQG,5HTIN,10.0
5HTIN,J3LSE,10.0
J3LSE,TIVHD,10.0
TIVHD,0D0H0,10.0
0D0H0,DAK9L,10.0
DAK9L,C2AOO,10.0
C2AOO,K7SXW,10.0
K7SXW,NEFX2,10.0
NEFX2,71K1L,10.0
71K1L,VANAJ,10.0
VANAJ,FA7,180.0
A6,SYD60,10.0
SYD60,ZYTTR,10.0
ZYTTR,0GITW,10.0
0GITW,XU46T,10.0
XU46T,KG6OT,10.0
KG6OT,CATSH,10.0
CATSH,E41ZJ,10.0
E41ZJ,4URYW,10.0
4URYW,YIYNU,10.0
YIYNU,S9EVJ,10.0
S9EVJ,C0K5U,10.0
C0K5U,IBRVX,10.0
IBRVX,M8V4E,10.0
M8V4E,BMGEC,10.0
BMGEC,CFE1F,10.0
CFE1F,GN6Q3,10.0
GN6Q3,GFV8Z,10.0
GFV8Z,F3QXE,10.0
F3QXE,VKT2S,10.0
VKT2S,DFF37,10.0
DFF37,EO6GV,10.0
EO6GV,RDD1C,10.0
RDD1C,LJY7Y,10.0
LJY7Y,IXOT0,10.0
IXOT0,E8XC6,10.0
E8XC6,UCEVL,10.0
UCEVL,JXODS,10.0
JXODS,7VPK7,10.0
7VPK7,OBXE6,10.0
OBXE6,H9PJX,10.0
H9PJX,CTQQU,10.0
CTQQU,MR914,10.0
MR914,VUQLI,10.0
VUQLI,R5936,10.0
R5936,96IEG,10.0
96IEG,TCNHZ,10.0
TCNHZ,R1IKU,10.0
R1IKU,B5QLV,10.0
B5QLV,RGJQK,10.0
RGJQK,G1T9P,10.0
G1T9P,1J0HJ,10.0
1J0HJ,0HMI2,10.0
0HMI2,B3JSZ,10.0
B3JSZ,NSN6F,10.0
NSN6F,3JULB,10.0
3JULB,DLTS8,10.0
DLTS8,4BVVW,10.0
4BVVW,H8O5M,10.0
H8O5M,JCPB2,10.0
JCPB2,Y55H6,10.0
Y55H6,7FQIU,10.0
7FQIU,IMI4O,10.0
IMI4O,CQ0U6,10.0
CQ0U6,Y5WNQ,10.0
Y5WNQ,16NMC,10.0
16NMC,R16I9,10.0
R16I9,GCZAP,10.0
GCZAP,DBOE5,10.0
DBOE5,M2ZZC,10.0
M2ZZC,75JV4,10.0
75JV4,PBLTR,10.0
PBLTR,DSCV3,10.0
DSCV3,V5NVX,10.0
V5NVX,4UWMR,10.0
4UWMR,SKSTF,10.0
SKSTF,TDAO2,10.0
TDAO2,HK0OO,10.0
HK0OO,FQO9P,10.0
FQO9P,RUHJF,10.0
RUHJF,5OHRR,10.0
5OHRR,DFOLT,10.0
DFOLT,NEBKZ,10.0
NEBKZ,V1J2X,10.0
V1J2X,6YM3M,10.0
6YM3M,2S5B2,10.0
2S5B2,AZHKM,10.0
AZHKM,NRVKR,10.0
NRVKR,8R1LD,10.0
8R1LD,006ON,10.0
006ON,ICZGI,10.0
ICZGI,YOKLV,10.0
YOKLV,3Q3QI,10.0
3Q3QI,L69J3,10.0
L69J3,BI18C,10.0
BI18C,W6WO0,10.0
W6WO0,02IK5,10.0
02IK5,FA6,110.0
A15,CD3U1,10.0
CD3U1,LDG87,10.0
LDG87,C4R07,10.0
C4R07,1OBI5,10.0
1OBI5,EN4JR,10.0
EN4JR,3VTPY,10.0
3VTPY,5HB1V,10.0
5HB1V,7KTNS,10.0
7KTNS,D58V7,10.0
D58V7,TQBGL,10.0
TQBGL,IJU9W,10.0
IJU9W,HDO4P,10.0
HDO4P,75GM4,10.0
75GM4,GI584,10.0
GI584,U8XNK,10.0
U8XNK,H8GVV,10.0
H8GVV,Y3M9U,10.0
Y3M9U,BTAMW,10.0
BTAMW,AFRZN,10.0
AFRZN,OFPSH,10.0
OFPSH,LRCG7,10.0
LRCG7,G2HCR,10.0
G2HCR,PBRXN,10.0
PBRXN,NBN01,10.0
NBN01,Z4HSL,10.0
Z4HSL,KLRQ5,10.0
KLRQ5,F1LGV,10.0
F1LGV,SIPIA,10.0
SIPIA,TPNPX,10.0
TPNPX,TU7U9,10.0
TU7U9,Q2N8T,10.0
Q2N8T,DGRP0,10.0
DGRP0,MRIGS,10.0
MRIGS,VCB00,10.0
VCB00,27PGY,10.0
27PGY,SS8CI,10.0
SS8CI,ZOSYH,10.0
ZOSYH,8GKFM,10.0
8GKFM,KAD48,10.0
KAD48,W1IBZ,10.0
W1IBZ,CYP0J,10.0
CYP0J,K8TJH,10.0
K8TJH,XJ3X0,10.0
XJ3X0,7V0JS,10.0
7V0JS,22RZQ,10.0
22RZQ,FRW6F,10.0
FRW6F,L7R1E,10.0
L7R1E,3ER1N,10.0
3ER1N,0J9HW,10.0
0J9HW,OASXK,10.0
OASXK,Z870L,10.0
Z870L,IX4E3,10.0
IX4E3,81DBC,10.0
81DBC,5GWGW,10.0
5GWGW,HVGFZ,10.0
HVGFZ,1WULL,10.0
1WULL,5TAE4,10.0
5TAE4,K6ETU,10.0
K6ETU,9IJAM,10.0
9IJAM,85JEP,10.0
85JEP,N7ISP,10.0
N7ISP,XWF0O,10.0
XWF0O,JTFYQ,10.0
JTFYQ,D4Q8Z,10.0
D4Q8Z,QUPSD,10.0
QUPSD,JDGEA,10.0
JDGEA,YX93H,10.0
YX93H,HMQUU,10.0
HMQUU,9TX4Q,10.0
9TX4Q,EG8J9,10.0
EG8J9,LJKBL,10.0
LJKBL,ZCDU5,10.0
ZCDU5,ZNEBE,10.0
ZNEBE,FA15,240.0
A3,HCN6T,10.0
HCN6T,0M5F2,10.0
0M5F2,YWLQK,10.0
YWLQK,KN6AI,10.0
KN6AI,8IZBZ,10.0
8IZBZ,2UPD1,10.0
2UPD1,IPNUE,10.0
IPNUE,XFJQA,10.0
XFJQA,ULLMN,10.0
ULLMN,2VQF7,10.0
2VQF7,IDKBI,10.0
IDKBI,C14YZ,10.0
C14YZ,7CB87,10.0
7CB87,B97W6,10.0
B97W6,VHCRZ,10.0
VHCRZ,R3G2K,10.0
R3G2K,1NBO3,10.0
1NBO3,6H7DS,10.0
6H7DS,2QI63,10.0
2QI63,F6B4T,10.0
F6B4T,WB6YE,10.0
WB6YE,LWLT5,10.0
LWLT5,WSP1P,10.0
WSP1P,QU5AT,10.0
QU5AT,P4BD4,10.0
P4BD4,T6144,10.0
T6144,8RC7F,10.0
8RC7F,RGSH5,10.0
RGSH5,SOAE0,10.0
SOAE0,G4QVY,10.0
G4QVY,RYCKJ,10.0
RYCKJ,M4254,10.0
M4254,3YUTM,10.0
3YUTM,J35GC,10.0
J35GC,I52M6,10.0
I52M6,B9UFP,10.0
B9UFP,4S9D1,10.0
4S9D1,GXIFJ,10.0
GXIFJ,T3KJF,10.0
T3KJF,52OK5,10.0
52OK5,HUZTE,10.0
HUZTE,41DFK,10.0
41DFK,CGREN,10.0
CGREN,7DVDE,10.0
7DVDE,50C5H,10.0
50C5H,ZSEWJ,10.0
ZSEWJ,HIU9N,10.0
HIU9N,VORDB,10.0
VORDB,E2PFL,10.0
E2PFL,DTMW0,10.0
DTMW0,5794M,10.0
5794M,1EC7Y,10.0
1EC7Y,WYQ51,10.0
WYQ51,S322I,10.0
S322I,KAN7C,10.0
KAN7C,RTGEB,10.0
RTGEB,R37B6,10.0
R37B6,ZU2KV,10.0
ZU2KV,LV6J6,10.0
LV6J6,YJ7OM,10.0
YJ7OM,KTRE4,10.0
KTRE4,HQGQZ,10.0
HQGQZ,BRJZG,10.0
BRJZG,ILS27,10.0
ILS27,6ZEQE,10.0
6ZEQE,824E2,10.0
824E2,BA2PY,10.0
BA2PY,NXHT4,10.0
NXHT4,ASVZV,10.0
ASVZV,RH25E,10.0
RH25E,TMKBR,10.0
TMKBR,FA3,260.0
A20,B5PC9,10.0
B5PC9,H7XXE,10.0
H7XXE,O47C2,10.0
O47C2,LBCJI,10.0
LBCJI,HA9YT,10.0
HA9YT,OOZJR,10.0
OOZJR,SHPHH,10.0
SHPHH,INQXB,10.0
INQXB,MUZKS,10.0
MUZKS,8DHSN,10.0
8DHSN,PKQBV,10.0
PKQBV,IDZSG,10.0
IDZSG,FZLNI,10.0
FZLNI,S0AN3,10.0
S0AN3,MDTTP,10.0
MDTTP,STC8B,10.0
STC8B,3POXH,10.0
3POXH,MIXWQ,10.0
MIXWQ,C26EB,10.0
C26EB,X34BE,10.0
X34BE,UYDZ3,10.0
UYDZ3,7YF8S,10.0
7YF8S,T0J83,10.0
T0J83,SVQMF,10.0
SVQMF,XC7P9,10.0
XC7P9,X8F52,10.0
X8F52,263T4,10.0
263T4,H2AFD,10.0
H2AFD,N877S,10.0
N877S,L52VE,10.0
L52VE,B6D2B,10.0
B6D2B,OOGE3,10.0
OOGE3,GCHIJ,10.0
GCHIJ,OJGYF,10.0
OJGYF,KQTWK,10.0
KQTWK,B82RH,10.0
B82RH,6DO3W,10.0
6DO3W,91VWN,10.0
91VWN,XFKU8,10.0
XFKU8,WJOBZ,10.0
WJOBZ,SD7U7,10.0
SD7U7,5FEYJ,10.0
5FEYJ,O4C55,10.0
O4C55,9P1NE,10.0
9P1NE,MXLLP,10.0
MXLLP,4AB0O,10.0
4AB0O,NY9EY,10.0
NY9EY,36R5L,10.0
36R5L,YMLF1,10.0
YMLF1,TQ1OB,10.0
TQ1OB,3DEWV,10.0
3DEWV,QVELO,10.0
QVELO,M5MCB,10.0
M5MCB,71PA9,10.0
71PA9,PVC8W,10.0
PVC8W,O5M6K,10.0
O5M6K,KPC5V,10.0
KPC5V,H0V6U,10.0
H0V6U,QTE2A,10.0
QTE2A,7UQJN,10.0
7UQJN,J5E0L,10.0
J5E0L,2A2ZI,10.0
2A2ZI,U7ZG0,10.0
U7ZG0,4K1CJ,10.0
4K1CJ,UJUTI,10.0
UJUTI,LHWBL,10.0
LHWBL,PTJ90,10.0
PTJ90,4CVFC,10.0
4CVFC,REJEK,10.0
REJEK,OAPMP,10.0
OAPMP,D5AHW,10.0
D5AHW,23505,10.0
23505,2LCHA,10.0
2LCHA,FA20,240.0
A5,9Z3E8,10.0
9Z3E8,2RROJ,10.0
2RROJ,WZARQ,10.0
WZARQ,IJTUB,10.0
IJTUB,QCDWN,10.0
QCDWN,1WENL,10.0
1WENL,5H4QE,10.0
5H4QE,HG1W7,10.0
HG1W7,85D3W,10.0
85D3W,28JXD,10.0
28JXD,06HDZ,10.0
06HDZ,SD7TC,10.0
SD7TC,T96P0,10.0
T96P0,6I5J6,10.0
6I5J6,KW691,10.0
KW691,O3BE0,10.0
O3BE0,ZS3QD,10.0
ZS3QD,3VDYJ,10.0
3VDYJ,MD6VS,10.0
MD6VS,1MK4F,10.0
1MK4F,WPKRO,10.0
WPKRO,N2N3Z,10.0
N2N3Z,GO1JE,10.0
GO1JE,VCUUO,10.0
VCUUO,1OMH1,10.0
1OMH1,B5JHB,10.0
B5JHB,811FP,10.0
811FP,IJ3QR,10.0
IJ3QR,SBR1S,10.0
SBR1S,M2Y9V,10.0
M2Y9V,E2FHN,10.0
E2FHN,FHJC6,10.0
FHJC6,8RA5C,10.0
8RA5C,G9VPX,10.0
G9VPX,Q3856,10.0
Q3856,PIU1M,10.0
PIU1M,7UB0D,10.0
7UB0D,HDE03,10.0
HDE03,D2HYS,10.0
D2HYS,Z09Q4,10.0
Z09Q4,4VXJA,10.0
4VXJA,EL2MH,10.0
EL2MH,ZRMU3,10.0
ZRMU3,E3LLQ,10.0
E3LLQ,IP0N7,10.0
IP0N7,DE0SZ,10.0
DE0SZ,UGCTB,10.0
UGCTB,YAZU8,10.0
YAZU8,ZEGOR,10.0
ZEGOR,ZDYJ8,10.0
ZDYJ8,C4OV7,10.0
C4OV7,5OAEX,10.0
5OAEX,AS8D8,10.0
AS8D8,ZIOPR,10.0
ZIOPR,29AJ2,10.0
29AJ2,O9E1Z,10.0
O9E1Z,VHT2E,10.0
VHT2E,2MGW4,10.0
2MGW4,LY5S3,10.0
LY5S3,I9019,10.0
I9019,TXVS3,10.0
TXVS3,7HJLG,10.0
7HJLG,USFJV,10.0
USFJV,Z8WEK,10.0
Z8WEK,7UR4A,10.0
7UR4A,T622M,10.0
T622M,PA054,10.0
PA054,OKSGO,10.0
OKSGO,UXLAI,10.0
UXLAI,ZZZ6U,10.0
ZZZ6U,4ROIW,10.0
4ROIW,L4W62,10.0
L4W62,KZKDM,10.0
KZKDM,R8NBN,10.0
R8NBN,Y25IP,10.0
Y25IP,SX5DO,10.0
SX5DO,9NQ3O,10.0
9NQ3O,E9DJA,10.0
E9DJA,H0MM0,10.0
H0MM0,RZK91,10.0
RZK91,YWUIG,10.0
YWUIG,YV2ST,10.0
YV2ST,CF0SQ,10.0
CF0SQ,8ISA2,10.0
8ISA2,B3NXX,10.0
B3NXX,WY96G,10.0
WY96G,V06ZY,10.0
V06ZY,483U9,10.0
483U9,V3JHK,10.0
V3JHK,OJ5V2,10.0
OJ5V2,38WS1,10.0
38WS1,8BURL,10.0
8BURL,ACKUB,10.0
ACKUB,16XFL,10.0
16XFL,ON1E9,10.0
ON1E9,FA5,20.0
A2,NLFTF,10.0
NLFTF,TEXGP,10.0
TEXGP,5WG4T,10.0
5WG4T,UV73U,10.0
UV73U,PYGG9,10.0
PYGG9,RWH2T,10.0
RWH2T,B4337,10.0
B4337,WIZJ5,10.0
WIZJ5,LDX39,10.0
LDX39,ZGUXR,10.0
ZGUXR,3OBDV,10.0
3OBDV,UXYWF,10.0
UXYWF,J13SR,10.0
J13SR,5747O,10.0
5747O,RFEX2,10.0
RFEX2,E8UVD,10.0
E8UVD,7VGH7,10.0
7VGH7,1X94J,10.0
1X94J,TWD2F,10.0
TWD2F,2MDCU,10.0
2MDCU,XRCAR,10.0
XRCAR,PT4CX,10.0
PT4CX,KLS9Q,10.0
KLS9Q,91CQV,10.0
91CQV,S7VFM,10.0
S7VFM,XAR27,10.0
XAR27,38AIE,10.0
38AIE,HJH91,10.0
HJH91,WXTUK,10.0
WXTUK,T4PFD,10.0
T4PFD,NYC5F,10.0
NYC5F,SI61F,10.0
SI61F,Y4AEE,10.0
Y4AEE,UUVYL,10.0
UUVYL,9J74W,10.0
9J74W,V3JE2,10.0
V3JE2,820B0,10.0
820B0,8Y94X,10.0
8Y94X,3B4QF,10.0
3B4QF,R2NHT,10.0
R2NHT,CG7UV,10.0
CG7UV,L0LES,10.0
L0LES,MPSQJ,10.0
MPSQJ,FP7YN,10.0
FP7YN,N6V3V,10.0
N6V3V,0SOP2,10.0
0SOP2,SGTHH,10.0
SGTHH,X0B98,10.0
X0B98,HC9CG,10.0
HC9CG,LL6IG,10.0
LL6IG,DZFZC,10.0
DZFZC,9SYDA,10.0
9SYDA,5YS2F,10.0
5YS2F,9AUET,10.0
9AUET,D0Y34,10.0
D0Y34,FA2,420.0
A9,NY7RH,10.0
NY7RH,5JKMF,10.0
5JKMF,J740O,10.0
J740O,1ZEMQ,10.0
1ZEMQ,WLT62,10.0
WLT62,6BNMP,10.0
6BNMP,AKSIO,10.0
AKSIO,A62MY,10.0
A62MY,NWLIG,10.0
NWLIG,KAMGP,10.0
KAMGP,V3ZW0,10.0
V3ZW0,2S07Y,10.0
2S07Y,8I03U,10.0
8I03U,HSZWT,10.0
HSZWT,NFZ5U,10.0
NFZ5U,ZVMMY,10.0
ZVMMY,G11T5,10.0
G11T5,PODCO,10.0
PODCO,GYETH,10.0
GYETH,1K40I,10.0
1K40I,2EUOE,10.0
2EUOE,DTH5Z,10.0
DTH5Z,5IN0B,10.0
5IN0B,XIGG4,10.0
XIGG4,PNLBA,10.0
PNLBA,C377J,10.0
C377J,KBTNM,10.0
KBTNM,PGYRA,10.0
PGYRA,1QZLB,10.0
1QZLB,SUWH5,10.0
SUWH5,2DIE6,10.0
2DIE6,C9O0U,10.0
C9O0U,HBW0Q,10.0
HBW0Q,Y050K,10.0
Y050K,BES47,10.0
BES47,UKEU6,10.0
UKEU6,OKTG3,10.0
OKTG3,MN9VF,10.0
MN9VF,4RJYC,10.0
4RJYC,RL5Y1,10.0
RL5Y1,8SXOC,10.0
8SXOC,6E439,10.0
6E439,IKM8I,10.0
IKM8I,7WH6V,10.0
7WH6V,208NU,10.0
208NU,QQNIJ,10.0
QQNIJ,R7LJQ,10.0
R7LJQ,EQ476,10.0
EQ476,ZFHDK,10.0
ZFHDK,9NHQR,10.0
9NHQR,ZHB4V,10.0
ZHB4V,01VRC,10.0
01VRC,8YUS5,10.0
8YUS5,FR6PO,10.0
FR6PO,NE8DW,10.0
NE8DW,CCFMV,10.0
CCFMV,S7VD1,10.0
S7VD1,KYIF6,10.0
KYIF6,38S1Z,10.0
38S1Z,SM6FU,10.0
SM6FU,PC4K5,10.0
PC4K5,NXQCQ,10.0
NXQCQ,HVIHY,10.0
HVIHY,V3PPL,10.0
V3PPL,SWV7Y,10.0
SWV7Y,J0KB6,10.0
J0KB6,QTBYD,10.0
QTBYD,XEKG1,10.0
XEKG1,2LJYP,10.0
2LJYP,170N8,10.0
170N8,TY186,10.0
TY186,ELS87,10.0
ELS87,69L8O,10.0
69L8O,OL1X9,10.0
OL1X9,8YDKO,10.0
8YDKO,PSNNW,10.0
PSNNW,X4IWX,10.0
X4IWX,VH3L3,10.0
VH3L3,FY68L,10.0
FY68L,49FU1,10.0
49FU1,FA9,170.0
A12,CR5WN,10.0
CR5WN,F8NW5,10.0
F8NW5,UZGYU,10.0
UZGYU,8UDYE,10.0
8UDYE,HC5ZF,10.0
HC5ZF,L54TA,10.0
L54TA,FS6MG,10.0
FS6MG,TUDQW,10.0
TUDQW,R9AB0,10.0
R9AB0,YT5K7,10.0
YT5K7,N698C,10.0
N698C,BDTF7,10.0
BDTF7,0BUC3,10.0
0BUC3,GVSDW,10.0
GVSDW,5UOSB,10.0
5UOSB,DFLSM,10.0
DFLSM,8CAA3,10.0
8CAA3,4IY1T,10.0
4IY1T,ZPBPJ,10.0
ZPBPJ,34MLX,10.0
34MLX,39C7N,10.0
39C7N,RYT28,10.0
RYT28,0ZHYV,10.0
0ZHYV,FKC0X,10.0
FKC0X,DO3AV,10.0
DO3AV,POIJ3,10.0
POIJ3,RGQRO,10.0
RGQRO,F2SD5,10.0
F2SD5,ROH60,10.0
ROH60,Z3RVS,10.0
Z3RVS,I7Q5A,10.0
I7Q5A,BJVJB,10.0
BJVJB,MOZTH,10.0
MOZTH,MEDRA,10.0
MEDRA,KJ9EB,10.0
KJ9EB,42KSW,10.0
42KSW,B6I4T,10.0
B6I4T,VN98W,10.0
VN98W,NA98E,10.0
NA98E,AOJ1Z,10.0
AOJ1Z,9IAY0,10.0
9IAY0,TXASX,10.0
TXASX,WXZ1Z,10.0
WXZ1Z,S538S,10.0
S538S,WUC0U,10.0
WUC0U,57M2E,10.0
57M2E,1J839,10.0
1J839,1303I,10.0
1303I,WJRC4,10.0
WJRC4,CRKI0,10.0
CRKI0,ZOX5N,10.0
ZOX5N,LGAYN,10.0
LGAYN,HJX8H,10.0
HJX8H,1MQ7J,10.0
1MQ7J,IXFC2,10.0
IXFC2,2NQ6E,10.0
2NQ6E,YI9RR,10.0
YI9RR,4JM5K,10.0
4JM5K,Y6EBV,10.0
Y6EBV,BIN54,10.0
BIN54,PYE7G,10.0
PYE7G,NMCI5,10.0
NMCI5,AXD8D,10.0
AXD8D,KXFF3,10.0
KXFF3,VVG14,10.0
VVG14,ZUKG1,10.0
ZUKG1,VCLZ8,10.0
VCLZ8,DL3U6,10.0
DL3U6,HGUGU,10.0
HGUGU,B6K2Z,10.0
B6K2Z,FA12,270.0
A4,9J9LX,10.0
9J9LX,S2HFP,10.0
S2HFP,EEZ04,10.0
EEZ04,1UNZ3,10.0
1UNZ3,46IWE,10.0
46IWE,GOLON,10.0
GOLON,B2FPK,10.0
B2FPK,7J1C5,10.0
7J1C5,Q8R6L,10.0
Q8R6L,PGES4,10.0
PGES4,7OWPW,10.0
7OWPW,ZI69X,10.0
ZI69X,AL7VF,10.0
AL7VF,Q7WZ0,10.0
Q7WZ0,DC3OT,10.0
DC3OT,1T2ZG,10.0
1T2ZG,E29O2,10.0
E29O2,L9S0P,10.0
L9S0P,V7IWQ,10.0
V7IWQ,CD3S3,10.0
CD3S3,W8IDZ,10.0
W8IDZ,RRC4W,10.0
RRC4W,WH06F,10.0
WH06F,5AOLE,10.0
5AOLE,VPDAI,10.0
VPDAI,C6O3H,10.0
C6O3H,0BN1B,10.0
0BN1B,AFZFK,10.0
AFZFK,LW53Y,10.0
LW53Y,EEJTH,10.0
EEJTH,VHQOS,10.0
VHQOS,UNP74,10.0
UNP74,50JN9,10.0
50JN9,VXG5T,10.0
VXG5T,FTNNA,10.0
FTNNA,GPXYU,10.0
GPXYU,ZXLJN,10.0
ZXLJN,JKLC7,10.0
JKLC7,38SCB,10.0
38SCB,EZD5N,10.0
EZD5N,67LFW,10.0
67LFW,36VII,10.0
36VII,OX5Z8,10.0
OX5Z8,Q6PM9,10.0
Q6PM9,3NC4F,10.0
3NC4F,5J2VX,10.0
5J2VX,42AF8,10.0
42AF8,7TWBN,10.0
7TWBN,HLNFV,10.0
HLNFV,HV038,10.0
HV038,QX4I3,10.0
QX4I3,RAMN0,10.0
RAMN0,SY74F,10.0
SY74F,K7UAG,10.0
K7UAG,7SPHL,10.0
7SPHL,IE13T,10.0
IE13T,PQJVE,10.0
PQJVE,OQMDE,10.0
OQMDE,AXSRN,10.0
AXSRN,QWDFM,10.0
QWDFM,XPLIV,10.0
XPLIV,JPUG9,10.0
JPUG9,FA4,350.0
A17,BQC9K,10.0
BQC9K,50C9D,10.0
50C9D,085WL,10.0
085WL,D7LHC,10.0
D7LHC,PIELP,10.0
PIELP,TVEVN,10.0
TVEVN,AVRQS,10.0
AVRQS,J4L5R,10.0
J4L5R,PZ7ZT,10.0
PZ7ZT,DFT3Z,10.0
DFT3Z,QHVBB,10.0
QHVBB,0SJ4H,10.0
0SJ4H,J1VRW,10.0
J1VRW,U3TRT,10.0
U3TRT,WVR38,10.0
WVR38,RBVY2,10.0
RBVY2,O2I9B,10.0
O2I9B,DHZOH,10.0
DHZOH,4J4MA,10.0
4J4MA,0EDMN,10.0
0EDMN,64J3Z,10.0
64J3Z,MSFPP,10.0
MSFPP,NMDXE,10.0
NMDXE,01Y0T,10.0
01Y0T,YP4BP,10.0
YP4BP,6UMAI,10.0
6UMAI,W0QNJ,10.0
W0QNJ,Q252U,10.0
Q252U,DLTL4,10.0
DLTL4,LDGTE,10.0
LDGTE,O9KEF,10.0
O9KEF,HQU5Y,10.0
HQU5Y,3HV67,10.0
3HV67,RF0KT,10.0
RF0KT,5Z6VA,10.0
5Z6VA,PVHEL,10.0
PVHEL,CGIZ4,10.0
CGIZ4,VEI6N,10.0
VEI6N,TBFDI,10.0
TBFDI,KC1E5,10.0
KC1E5,46AQX,10.0
46AQX,6924W,10.0
6924W,IXJI7,10.0
IXJI7,J920O,10.0
J920O,XD4HV,10.0
XD4HV,MCXGJ,10.0
MCXGJ,H2BZG,10.0
H2BZG,O7B4Q,10.0
O7B4Q,O93VU,10.0
O93VU,3AES4,10.0
3AES4,16CWU,10.0
16CWU,92Q76,10.0
92Q76,HWRJ8,10.0
HWRJ8,CXNW1,10.0
CXNW1,TAN9N,10.0
TAN9N,Z1YKU,10.0
Z1YKU,6E0GH,10.0
6E0GH,QYOIV,10.0
QYOIV,QDN4Y,10.0
QDN4Y,EZ0X7,10.0
EZ0X7,DQLUS,10.0
DQLUS,HEXVF,10.0
HEXVF,O2T3S,10.0
O2T3S,QQFVE,10.0
QQFVE,J4ZYF,10.0
J4ZYF,7PASL,10.0
7PASL,P88IF,10.0
P88IF,ZJEM6,10.0
ZJEM6,DXA9Y,10.0
DXA9Y,PG78A,10.0
PG78A,BSJCX,10.0
BSJCX,U0Z2Y,10.0
U0Z2Y,39XHP,10.0
39XHP,NGHOL,10.0
NGHOL,5Q0GC,10.0
5Q0GC,FA17,220.0
A8,LU0MG,10.0
LU0MG,PNZC4,10.0
PNZC4,U21AY,10.0
U21AY,RLDVZ,10.0
RLDVZ,GT1GR,10.0
GT1GR,MOD2O,10.0
MOD2O,HVJQ9,10.0
HVJQ9,GYZEV,10.0
GYZEV,A59AG,10.0
A59AG,KP1GR,10.0
KP1GR,WKYKJ,10.0
WKYKJ,49WCP,10.0
49WCP,RV2OP,10.0
RV2OP,AVWEO,10.0
AVWEO,YRIFS,10.0
YRIFS,2R0SR,10.0
2R0SR,JC0ZM,10.0
JC0ZM,SQOHS,10.0
SQOHS,06900,10.0
06900,EAOUY,10.0
EAOUY,8PZ4K,10.0
8PZ4K,3NUDO,10.0
3NUDO,HXLQY,10.0
HXLQY,OGWRB,10.0
OGWRB,C5WI4,10.0
C5WI4,7APY0,10.0
7APY0,A662C,10.0
A662C,SDZ20,10.0
SDZ20,2XIX8,10.0
2XIX8,IALIL,10.0
IALIL,Z15GG,10.0
Z15GG,JY76L,10.0
JY76L,QX3KA,10.0
QX3KA,KMGRX,10.0
KMGRX,ZRALE,10.0
ZRALE,GFT9B,10.0
GFT9B,BM9FH,10.0
BM9FH,X5DR6,10.0
X5DR6,9C1BJ,10.0
9C1BJ,IEMF4,10.0
IEMF4,W2SG8,10.0
W2SG8,4P6CG,10.0
4P6CG,3U4VI,10.0
3U4VI,0CPYD,10.0
0CPYD,KCDHP,10.0
KCDHP,3Z4WR,10.0
3Z4WR,0CNS7,10.0
0CNS7,G2ALQ,10.0
G2ALQ,NR57E,10.0
NR57E,A3UDD,10.0
A3UDD,GZ3H8,10.0
GZ3H8,UN6PI,10.0
UN6PI,XIF1U,10.0
XIF1U,AYU69,10.0
AYU69,54MB0,10.0
54MB0,751FL,10.0
751FL,A5BGZ,10.0
A5BGZ,IN87C,10.0
IN87C,RW45I,10.0
RW45I,PAAP6,10.0
PAAP6,EHBTM,10.0
EHBTM,IMVOB,10.0
IMVOB,321AT,10.0
321AT,DE7Q9,10.0
DE7Q9,YCCYE,10.0
YCCYE,5A0FH,10.0
5A0FH,LZRML,10.0
LZRML,AVXY7,10.0
AVXY7,EPTOT,10.0
EPTOT,HNMSK,10.0
HNMSK,VJHGV,10.0
VJHGV,FA8,260.0
A19,YGLQY,10.0
YGLQY,TJ00S,10.0
TJ00S,84O1Q,10.0
84O1Q,H6RNR,10.0
H6RNR,H5JBY,10.0
H5JBY,73NQ0,10.0
73NQ0,Y3R73,10.0
Y3R73,ODSVN,10.0
ODSVN,68AN8,10.0
68AN8,K6LI6,10.0
K6LI6,TE1X1,10.0
TE1X1,WLHQT,10.0
WLHQT,N6JT2,10.0
N6JT2,9EIYO,10.0
9EIYO,ZYICO,10.0
ZYICO,WY4BK,10.0
WY4BK,HSSPN,10.0
HSSPN,QTSKM,10.0
QTSKM,SCCER,10.0
SCCER,HQWY1,10.0
HQWY1,CSTUK,10.0
CSTUK,6X1MQ,10.0
6X1MQ,FPBJS,10.0
FPBJS,S8BC3,10.0
S8BC3,TDLXE,10.0
TDLXE,LHS4V,10.0
LHS4V,UDPLS,10.0
UDPLS,HL6O4,10.0
HL6O4,IG3UM,10.0
IG3UM,MS4XC,10.0
MS4XC,A5HTQ,10.0
A5HTQ,V30ZU,10.0
V30ZU,JSRWZ,10.0
JSRWZ,5MMU5,10.0
5MMU5,OE471,10.0
OE471,3CQQ3,10.0
3CQQ3,EGKP7,10.0
EGKP7,XQ0TR,10.0
XQ0TR,2S2W7,10.0
2S2W7,75R8B,10.0
75R8B,SHG4S,10.0
SHG4S,BHIP9,10.0
BHIP9,8JNNO,10.0
8JNNO,AOD95,10.0
AOD95,X4KFO,10.0
X4KFO,22I8C,10.0
22I8C,35YJ1,10.0
35YJ1,WPY1V,10.0
WPY1V,W6XR8,10.0
W6XR8,7D074,10.0
7D074,Y3Z7R,10.0
Y3Z7R,CGTH4,10.0
CGTH4,V3JFF,10.0
V3JFF,G6IM7,10.0
G6IM7,6EOQG,10.0
6EOQG,9TU4H,10.0
9TU4H,B5ONL,10.0
B5ONL,CB5T7,10.0
CB5T7,6Y2TG,10.0
6Y2TG,T5N88,10.0
T5N88,BWM5W,10.0
BWM5W,75EKU,10.0
75EKU,4NFGU,10.0
4NFGU,YDTQA,10.0
YDTQA,TKLVT,10.0
TKLVT,H0BUJ,10.0
H0BUJ,UVBYU,10.0
UVBYU,5SEMY,10.0
5SEMY,5BC48,10.0
5BC48,O22UW,10.0
O22UW,BIOWA,10.0
BIOWA,WTFJA,10.0
WTFJA,BB02A,10.0
BB02A,FRCSQ,10.0
FRCSQ,W2DVH,10.0
W2DVH,J8TTL,10.0
J8TTL,1F9TV,10.0
1F9TV,FA19,200.0
A13,FRZU7,10.0
FRZU7,T9AV8,10.0
T9AV8,7SB6N,10.0
7SB6N,SR8DR,10.0
SR8DR,EL6HT,10.0
EL6HT,FMDPF,10.0
FMDPF,WZYVL,10.0
WZYVL,VFGGM,10.0
VFGGM,KS9X5,10.0
KS9X5,SSL1R,10.0
SSL1R,3CXID,10.0
3CXID,4X79T,10.0
4X79T,YYH3Z,10.0
YYH3Z,SO86A,10.0
SO86A,JMPV8,10.0
JMPV8,RVA3T,10.0
RVA3T,VI7AO,10.0
VI7AO,7IBL6,10.0
7IBL6,WV1DZ,10.0
WV1DZ,ZNM6D,10.0
ZNM6D,5MVBG,10.0
5MVBG,GB3BZ,10.0
GB3BZ,NMSP5,10.0
NMSP5,YELW6,10.0
YELW6,AVAF4,10.0
AVAF4,4RQ9V,10.0
4RQ9V,2PAF4,10.0
2PAF4,WECNG,10.0
WECNG,5OJFA,10.0
5OJFA,WB7OD,10.0
WB7OD,7RJOT,10.0
7RJOT,6NEFK,10.0
6NEFK,049OO,10.0
049OO,XVNPS,10.0
XVNPS,2HPAY,10.0
2HPAY,0M4CL,10.0
0M4CL,MZXYY,10.0
MZXYY,0RKWB,10.0
0RKWB,QZWTU,10.0
QZWTU,I1WP5,10.0
I1WP5,5AZUW,10.0
5AZUW,7K3IT,10.0
7K3IT,332EE,10.0
332EE,QP4LK,10.0
QP4LK,R3G9L,10.0
R3G9L,66S2S,10.0
66S2S,LPRL5,10.0
LPRL5,D39IT,10.0
D39IT,29MZK,10.0
29MZK,K60PV,10.0
K60PV,346TT,10.0
346TT,WN0RL,10.0
WN0RL,T3X8X,10.0
T3X8X,8D60Q,10.0
8D60Q,9XIRR,10.0
9XIRR,F5L7A,10.0
F5L7A,9L83V,10.0
9L83V,KSZPM,10.0
KSZPM,C8UM2,10.0
C8UM2,NBA7H,10.0
NBA7H,YH7NI,10.0
YH7NI,7H0WL,10.0
7H0WL,EX5F7,10.0
EX5F7,GTH5U,10.0
GTH5U,WYY54,10.0
WYY54,XLWP5,10.0
XLWP5,WRN3V,10.0
WRN3V,E3RTM,10.0
E3RTM,5QSPB,10.0
5QSPB,P2G4W,10.0
P2G4W,QVN0Z,10.0
QVN0Z,75VXA,10.0
75VXA,S9YDU,10.0
S9YDU,RKKMD,10.0
RKKMD,FVUVD,10.0
FVUVD,AYFTX,10.0
AYFTX,7BH87,10.0
7BH87,CHAGP,10.0
CHAGP,SB87F,10.0
SB87F,FA13,180.0
A16,AMX47,10.0
AMX47,6W4W2,10.0
6W4W2,MJZOX,10.0
MJZOX,BZYBN,10.0
BZYBN,FFMCB,10.0
FFMCB,BT8JK,10.0
BT8JK,ZER0R,10.0
ZER0R,QI4F5,10.0
QI4F5,NCYHG,10.0
NCYHG,VHDRW,10.0
VHDRW,U7U9P,10.0
U7U9P,KC256,10.0
KC256,C0ODV,10.0
C0ODV,STVGH,10.0
STVGH,DIKQ7,10.0
DIKQ7,KPWPA,10.0
KPWPA,AV08Q,10.0
AV08Q,YFJFW,10.0
YFJFW,ZDZ9S,10.0
ZDZ9S,A38Z7,10.0
A38Z7,1ADCQ,10.0
1ADCQ,HPHJ4,10.0
HPHJ4,CLOXM,10.0
CLOXM,636VR,10.0
636VR,K8S5W,10.0
K8S5W,QAXVW,10.0
QAXVW,M2R02,10.0
M2R02,IV0DE,10.0
IV0DE,ALBJC,10.0
ALBJC,R4OI2,10.0
R4OI2,Z0ONE,10.0
Z0ONE,63K2O,10.0
63K2O,YUT3M,10.0
YUT3M,H5S8F,10.0
H5S8F,TVNQ9,10.0
TVNQ9,4YSTR,10.0
4YSTR,9I867,10.0
9I867,9U2AE,10.0
9U2AE,9BYAO,10.0
9BYAO,9M054,10.0
9M054,MYP2V,10.0
MYP2V,5K5FV,10.0
5K5FV,ONFYQ,10.0
ONFYQ,54CB0,10.0
54CB0,22PVL,10.0
22PVL,X9M44,10.0
X9M44,YL75R,10.0
YL75R,5ZP7D,10.0
5ZP7D,W1WPI,10.0
W1WPI,SR820,10.0
SR820,JERAZ,10.0
JERAZ,NZHPT,10.0
NZHPT,MV7SH,10.0
MV7SH,RC1XC,10.0
RC1XC,9BJH8,10.0
9BJH8,9JEII,10.0
9JEII,TM3OB,10.0
TM3OB,YSS4Q,10.0
YSS4Q,TF64A,10.0
TF64A,0G0Z8,10.0
0G0Z8,0MCLE,10.0
0MCLE,Z11TR,10.0
Z11TR,1QXHO,10.0
1QXHO,SCL5B,10.0
SCL5B,Y6VGI,10.0
Y6VGI,KOZI2,10.0
KOZI2,YKVG4,10.0
YKVG4,2CAG6,10.0
2CAG6,HOFD3,10.0
HOFD3,Q3XHL,10.0
Q3XHL,DOHFY,10.0
DOHFY,A13RX,10.0
A13RX,VAEST,10.0
VAEST,LL7YZ,10.0
LL7YZ,XO12C,10.0
XO12C,FA16,220.0
A18,G45EF,10.0
G45EF,IYKWB,10.0
IYKWB,OHVGH,10.0
OHVGH,VLN20,10.0
VLN20,M4YWN,10.0
M4YWN,OTHUR,10.0
OTHUR,88N7H,10.0
88N7H,0WC5M,10.0
0WC5M,Y0D7Y,10.0
Y0D7Y,XE8WO,10.0
XE8WO,2NJSJ,10.0
2NJSJ,3R0AE,10.0
3R0AE,QBFHC,10.0
QBFHC,8WC0Q,10.0
8WC0Q,43GJU,10.0
43GJU,VTLE6,10.0
VTLE6,JS3MJ,10.0
JS3MJ,WF6TC,10.0
WF6TC,AR63D,10.0
AR63D,NIO43,10.0
NIO43,90G87,10.0
90G87,U9CLH,10.0
U9CLH,WOZS1,10.0
WOZS1,P3IRT,10.0
P3IRT,K7FAZ,10.0
K7FAZ,NC2AC,10.0
NC2AC,Z2684,10.0
Z2684,F3K5T,10.0
F3K5T,DEAE7,10.0
DEAE7,9LU3I,10.0
9LU3I,076TL,10.0
076TL,3TMTE,10.0
3TMTE,RPAOP,10.0
RPAOP,R898R,10.0
R898R,61SRI,10.0
61SRI,1X71S,10.0
1X71S,B6IGN,10.0
B6IGN,V3ERR,10.0
V3ERR,TQA9Z,10.0
TQA9Z,KGMP3,10.0
KGMP3,I332H,10.0
I332H,4UXES,10.0
4UXES,Y9WWE,10.0
Y9WWE,D3LTJ,10.0
D3LTJ,G6FEN,10.0
G6FEN,6TQPH,10.0
6TQPH,7UUWQ,10.0
7UUWQ,TBBF6,10.0
TBBF6,JXBAN,10.0
JXBAN,DO6DR,10.0
DO6DR,BBN95,10.0
BBN95,DDU46,10.0
DDU46,X2Q0A,10.0
X2Q0A,1Q25N,10.0
1Q25N,JNJET,10.0
JNJET,SZHUB,10.0
SZHUB,VSYLI,10.0
VSYLI,QJHY6,10.0
QJHY6,67JQW,10.0
67JQW,OAGCN,10.0
OAGCN,S94GW,10.0
S94GW,1UTZN,10.0
1UTZN,IWBPS,10.0
IWBPS,XBIGE,10.0
XBIGE,APPJJ,10.0
APPJJ,TGFN2,10.0
TGFN2,T2AA4,10.0
T2AA4,KZUBV,10.0
KZUBV,AS3H3,10.0
AS3H3,JBZ2H,10.0
JBZ2H,XMEWF,10.0
XMEWF,MNYUZ,10.0
MNYUZ,UNF6V,10.0
UNF6V,VXECB,10.0
VXECB,R7JQC,10.0
R7JQC,C4UXG,10.0
C4UXG,C6S9M,10.0
C6S9M,0J30R,10.0
0J30R,555P2,10.0
555P2,J5I7S,10.0
J5I7S,MJWXS,10.0
MJWXS,W5P0J,10.0
W5P0J,FA18,150.0
A10,2C1VY,10.0
2C1VY,T8E5B,10.0
T8E5B,4UNYK,10.0
4UNYK,000VI,10.0
000VI,PVD7B,10.0
PVD7B,OPYRL,10.0
OPYRL,1DN0S,10.0
1DN0S,G7IDA,10.0
G7IDA,T8KAA,10.0
T8KAA,1PP9V,10.0
1PP9V,GZF5C,10.0
GZF5C,3NWIQ,10.0
3NWIQ,R3E92,10.0
R3E92,2829L,10.0
2829L,BBV7J,10.0
BBV7J,G8PTG,10.0
G8PTG,IA0YD,10.0
IA0YD,GF3V9,10.0
GF3V9,5VMVO,10.0
5VMVO,8X5XI,10.0
8X5XI,ACCUO,10.0
ACCUO,RWS5E,10.0
RWS5E,1W5NC,10.0
1W5NC,3FVQQ,10.0
3FVQQ,ATTLW,10.0
ATTLW,MMUVI,10.0
MMUVI,YLKVP,10.0
YLKVP,6F63Z,10.0
6F63Z,Y5RRC,10.0
Y5RRC,W2ZQX,10.0
W2ZQX,JS38T,10.0
JS38T,187WL,10.0
187WL,89ZIN,10.0
89ZIN,WXTVS,10.0
WXTVS,8V7U3,10.0
8V7U3,P6ZSV,10.0
P6ZSV,6Y8TM,10.0
6Y8TM,CT481,10.0
CT481,V7JB0,10.0
V7JB0,M3VEJ,10.0
M3VEJ,8XWUV,10.0
8XWUV,VZIJC,10.0
VZIJC,KGEOP,10.0
KGEOP,VQIFR,10.0
VQIFR,ZXZMD,10.0
ZXZMD,92UYM,10.0
92UYM,YJMQB,10.0
YJMQB,FAEMI,10.0
FAEMI,OM41Z,10.0
OM41Z,6YDKZ,10.0
6YDKZ,AIWTO,10.0
AIWTO,8Q146,10.0
8Q146,WI43P,10.0
WI43P,1SCUW,10.0
1SCUW,490U8,10.0
490U8,803I8,10.0
803I8,QWMD3,10.0
QWMD3,H3218,10.0
H3218,3FO0U,10.0
3FO0U,6EXB4,10.0
6EXB4,S9ERN,10.0
S9ERN,V02DY,10.0
V02DY,2YVN7,10.0
2YVN7,XNYAG,10.0
XNYAG,5S1XW,10.0
5S1XW,Y0C3S,10.0
Y0C3S,6Q2EO,10.0
6Q2EO,E6K18,10.0
E6K18,E2DPX,10.0
E2DPX,EAETU,10.0
EAETU,FA10,270.0
